,variable_code,datasets
0,S1701_C01_001E,"hill_14, miami_dade_14, orange_14, hill_19, miami_dade_19, orange_19"
1,S1701_C01_002E,"hill_14, miami_dade_14, orange_14, hill_19, miami_dade_19, orange_19"
2,S1701_C01_003E,"hill_14, miami_dade_14, orange_14, hill_19, miami_dade_19, orange_19"
3,S1701_C01_004E,"hill_14, miami_dade_14, orange_14, hill_19, miami_dade_19, orange_19"
4,S1701_C01_005E,"hill_14, miami_dade_14, orange_14, hill_19, miami_dade_19, orange_19"
5,S1701_C01_006E,"hill_14, miami_dade_14, orange_14, hill_19, miami_dade_19, orange_19"
6,S1701_C01_007E,"hill_14, miami_dade_14, orange_14, hill_19, miami_dade_19, orange_19"
7,S1701_C01_008E,"hill_14, miami_dade_14, orange_14, hill_19, miami_dade_19, orange_19"
8,S1701_C01_009E,"hill_14, miami_dade_14, orange_14, hill_19, miami_dade_19, orange_19"
9,S1701_C01_010E,"hill_14, miami_dade_14, orange_14, hill_19, miami_dade_19, orange_19"
10,S1701_C01_011E,"hill_14, miami_dade_14, orange_14, hill_19, miami_dade_19, orange_19"
11,S1701_C01_012E,"hill_14, miami_dade_14, orange_14, hill_19, miami_dade_19, orange_19"
12,S1701_C01_013E,"hill_14, miami_dade_14, orange_14, hill_19, miami_dade_19, orange_19"
13,S1701_C01_014E,"hill_14, miami_dade_14, orange_14, hill_19, miami_dade_19, orange_19"
14,S1701_C01_015E,"hill_14, miami_dade_14, orange_14, hill_19, miami_dade_19, orange_19"
15,S1701_C01_016E,"hill_14, miami_dade_14, orange_14, hill_19, miami_dade_19, orange_19"
16,S1701_C01_017E,"hill_14, miami_dade_14, orange_14, hill_19, miami_dade_19, orange_19"
17,S1701_C01_018E,"hill_14, miami_dade_14, orange_14, hill_19, miami_dade_19, orange_19"
18,S1701_C01_019E,"hill_14, miami_dade_14, orange_14, hill_19, miami_dade_19, orange_19"
19,S1701_C01_020E,"hill_14, miami_dade_14, orange_14, hill_19, miami_dade_19, orange_19"
20,S1701_C01_021E,"hill_14, miami_dade_14, orange_14, hill_19, miami_dade_19, orange_19"
21,S1701_C01_022E,"hill_14, miami_dade_14, orange_14, hill_19, miami_dade_19, orange_19"
22,S1701_C01_023E,"hill_14, miami_dade_14, orange_14, hill_19, miami_dade_19, orange_19"
23,S1701_C01_024E,"hill_14, miami_dade_14, orange_14, hill_19, miami_dade_19, orange_19"
24,S1701_C01_025E,"hill_14, miami_dade_14, orange_14, hill_19, miami_dade_19, orange_19"
25,S1701_C01_026E,"hill_14, miami_dade_14, orange_14, hill_19, miami_dade_19, orange_19"
26,S1701_C01_027E,"hill_14, miami_dade_14, orange_14, hill_19, miami_dade_19, orange_19"
27,S1701_C01_028E,"hill_14, miami_dade_14, orange_14, hill_19, miami_dade_19, orange_19"
28,S1701_C01_029E,"hill_14, miami_dade_14, orange_14, hill_19, miami_dade_19, orange_19"
29,S1701_C01_030E,"hill_14, miami_dade_14, orange_14, hill_19, miami_dade_19, orange_19"
30,S1701_C01_031E,"hill_14, miami_dade_14, orange_14, hill_19, miami_dade_19, orange_19"
31,S1701_C01_032E,"hill_14, miami_dade_14, orange_14, hill_19, miami_dade_19, orange_19"
32,S1701_C01_033E,"hill_14, miami_dade_14, orange_14, hill_19, miami_dade_19, orange_19"
33,S1701_C01_034E,"hill_14, miami_dade_14, orange_14, hill_19, miami_dade_19, orange_19"
34,S1701_C01_035E,"hill_14, miami_dade_14, orange_14, hill_19, miami_dade_19, orange_19"
35,S1701_C01_036E,"hill_14, miami_dade_14, orange_14, hill_19, miami_dade_19, orange_19"
36,S1701_C01_037E,"hill_14, miami_dade_14, orange_14, hill_19, miami_dade_19, orange_19"
37,S1701_C01_038E,"hill_14, miami_dade_14, orange_14, hill_19, miami_dade_19, orange_19"
38,S1701_C01_039E,"hill_14, miami_dade_14, orange_14, hill_19, miami_dade_19, orange_19"
39,S1701_C01_040E,"hill_14, miami_dade_14, orange_14, hill_19, miami_dade_19, orange_19"
40,S1701_C01_041E,"hill_14, miami_dade_14, orange_14, hill_19, miami_dade_19, orange_19"
41,S1701_C01_042E,"hill_14, miami_dade_14, orange_14, hill_19, miami_dade_19, orange_19"
42,S1701_C01_043E,"hill_14, miami_dade_14, orange_14, hill_19, miami_dade_19, orange_19"
43,S1701_C01_044E,"hill_14, miami_dade_14, orange_14, hill_19, miami_dade_19, orange_19"
44,S1701_C01_045E,"hill_14, miami_dade_14, orange_14, hill_19, miami_dade_19, orange_19"
45,S1701_C01_046E,"hill_14, miami_dade_14, orange_14, hill_19, miami_dade_19, orange_19"
46,S2502_C01_001E,"hill_14, miami_dade_14, orange_14, hill_19, miami_dade_19, orange_19"
47,S2502_C01_002E,"hill_14, miami_dade_14, orange_14, hill_19, miami_dade_19, orange_19"
48,S2502_C01_003E,"hill_14, miami_dade_14, orange_14, hill_19, miami_dade_19, orange_19"
49,S2502_C01_004E,"hill_14, miami_dade_14, orange_14, hill_19, miami_dade_19, orange_19"
50,S2502_C01_005E,"hill_14, miami_dade_14, orange_14, hill_19, miami_dade_19, orange_19"
51,S2502_C01_006E,"hill_14, miami_dade_14, orange_14, hill_19, miami_dade_19, orange_19"
52,S2502_C01_007E,"hill_14, miami_dade_14, orange_14, hill_19, miami_dade_19, orange_19"
53,S2502_C01_008E,"hill_14, miami_dade_14, orange_14, hill_19, miami_dade_19, orange_19"
54,S2502_C01_009E,"hill_14, miami_dade_14, orange_14, hill_19, miami_dade_19, orange_19"
55,S2502_C01_010E,"hill_14, miami_dade_14, orange_14, hill_19, miami_dade_19, orange_19"
56,S2502_C01_011E,"hill_14, miami_dade_14, orange_14, hill_19, miami_dade_19, orange_19"
57,S2502_C01_012E,"hill_14, miami_dade_14, orange_14, hill_19, miami_dade_19, orange_19"
58,S2502_C01_013E,"hill_14, miami_dade_14, orange_14, hill_19, miami_dade_19, orange_19"
59,S2502_C01_014E,"hill_14, miami_dade_14, orange_14, hill_19, miami_dade_19, orange_19"
60,S2502_C01_015E,"hill_14, miami_dade_14, orange_14, hill_19, miami_dade_19, orange_19"
61,S2502_C01_016E,"hill_14, miami_dade_14, orange_14, hill_19, miami_dade_19, orange_19"
62,S2502_C01_017E,"hill_14, miami_dade_14, orange_14, hill_19, miami_dade_19, orange_19"
63,S2502_C01_018E,"hill_14, miami_dade_14, orange_14, hill_19, miami_dade_19, orange_19"
64,S2502_C01_019E,"hill_14, miami_dade_14, orange_14, hill_19, miami_dade_19, orange_19"
65,S2502_C01_020E,"hill_14, miami_dade_14, orange_14, hill_19, miami_dade_19, orange_19"
66,S2502_C01_021E,"hill_14, miami_dade_14, orange_14, hill_19, miami_dade_19, orange_19"
67,S2502_C01_022E,"hill_14, miami_dade_14, orange_14, hill_19, miami_dade_19, orange_19"
68,S2502_C01_023E,"hill_14, miami_dade_14, orange_14, hill_19, miami_dade_19, orange_19"
69,S2502_C01_024E,"hill_14, miami_dade_14, orange_14, hill_19, miami_dade_19, orange_19"
70,S2502_C01_025E,"hill_14, miami_dade_14, orange_14, hill_19, miami_dade_19, orange_19"
71,S2502_C01_026E,"hill_14, miami_dade_14, orange_14, hill_19, miami_dade_19, orange_19"
72,S2502_C01_027E,"hill_14, miami_dade_14, orange_14, hill_19, miami_dade_19, orange_19"
73,S2502_C02_001E,"hill_14, miami_dade_14, orange_14, hill_19, miami_dade_19, orange_19"
74,S2502_C02_002E,"hill_14, miami_dade_14, orange_14, hill_19, miami_dade_19, orange_19"
75,S2502_C02_003E,"hill_14, miami_dade_14, orange_14, hill_19, miami_dade_19, orange_19"
76,S2502_C02_004E,"hill_14, miami_dade_14, orange_14, hill_19, miami_dade_19, orange_19"
77,S2502_C02_005E,"hill_14, miami_dade_14, orange_14, hill_19, miami_dade_19, orange_19"
78,S2502_C02_006E,"hill_14, miami_dade_14, orange_14, hill_19, miami_dade_19, orange_19"
79,S2502_C02_007E,"hill_14, miami_dade_14, orange_14, hill_19, miami_dade_19, orange_19"
80,S2502_C02_008E,"hill_14, miami_dade_14, orange_14, hill_19, miami_dade_19, orange_19"
81,S2502_C02_009E,"hill_14, miami_dade_14, orange_14, hill_19, miami_dade_19, orange_19"
82,S2502_C02_010E,"hill_14, miami_dade_14, orange_14, hill_19, miami_dade_19, orange_19"
83,S2502_C02_011E,"hill_14, miami_dade_14, orange_14, hill_19, miami_dade_19, orange_19"
84,S2502_C02_012E,"hill_14, miami_dade_14, orange_14, hill_19, miami_dade_19, orange_19"
85,S2502_C02_013E,"hill_14, miami_dade_14, orange_14, hill_19, miami_dade_19, orange_19"
86,S2502_C02_014E,"hill_14, miami_dade_14, orange_14, hill_19, miami_dade_19, orange_19"
87,S2502_C02_015E,"hill_14, miami_dade_14, orange_14, hill_19, miami_dade_19, orange_19"
88,S2502_C02_016E,"hill_14, miami_dade_14, orange_14, hill_19, miami_dade_19, orange_19"
89,S2502_C02_017E,"hill_14, miami_dade_14, orange_14, hill_19, miami_dade_19, orange_19"
90,S2502_C02_018E,"hill_14, miami_dade_14, orange_14, hill_19, miami_dade_19, orange_19"
91,S2502_C02_019E,"hill_14, miami_dade_14, orange_14, hill_19, miami_dade_19, orange_19"
92,S2502_C02_020E,"hill_14, miami_dade_14, orange_14, hill_19, miami_dade_19, orange_19"
93,S2502_C02_021E,"hill_14, miami_dade_14, orange_14, hill_19, miami_dade_19, orange_19"
94,S2502_C02_022E,"hill_14, miami_dade_14, orange_14, hill_19, miami_dade_19, orange_19"
95,S2502_C02_023E,"hill_14, miami_dade_14, orange_14, hill_19, miami_dade_19, orange_19"
96,S2502_C02_024E,"hill_14, miami_dade_14, orange_14, hill_19, miami_dade_19, orange_19"
97,S2502_C02_025E,"hill_14, miami_dade_14, orange_14, hill_19, miami_dade_19, orange_19"
98,S2502_C02_026E,"hill_14, miami_dade_14, orange_14, hill_19, miami_dade_19, orange_19"
99,S2502_C02_027E,"hill_14, miami_dade_14, orange_14, hill_19, miami_dade_19, orange_19"
100,S2502_C03_001E,"hill_14, miami_dade_14, orange_14, hill_19, miami_dade_19, orange_19"
101,S2502_C03_002E,"hill_14, miami_dade_14, orange_14, hill_19, miami_dade_19, orange_19"
102,S2502_C03_003E,"hill_14, miami_dade_14, orange_14, hill_19, miami_dade_19, orange_19"
103,S2502_C03_004E,"hill_14, miami_dade_14, orange_14, hill_19, miami_dade_19, orange_19"
104,S2502_C03_005E,"hill_14, miami_dade_14, orange_14, hill_19, miami_dade_19, orange_19"
105,S2502_C03_006E,"hill_14, miami_dade_14, orange_14, hill_19, miami_dade_19, orange_19"
106,S2502_C03_007E,"hill_14, miami_dade_14, orange_14, hill_19, miami_dade_19, orange_19"
107,S2502_C03_008E,"hill_14, miami_dade_14, orange_14, hill_19, miami_dade_19, orange_19"
108,S2502_C03_009E,"hill_14, miami_dade_14, orange_14, hill_19, miami_dade_19, orange_19"
109,S2502_C03_010E,"hill_14, miami_dade_14, orange_14, hill_19, miami_dade_19, orange_19"
110,S2502_C03_011E,"hill_14, miami_dade_14, orange_14, hill_19, miami_dade_19, orange_19"
111,S2502_C03_012E,"hill_14, miami_dade_14, orange_14, hill_19, miami_dade_19, orange_19"
112,S2502_C03_013E,"hill_14, miami_dade_14, orange_14, hill_19, miami_dade_19, orange_19"
113,S2502_C03_014E,"hill_14, miami_dade_14, orange_14, hill_19, miami_dade_19, orange_19"
114,S2502_C03_015E,"hill_14, miami_dade_14, orange_14, hill_19, miami_dade_19, orange_19"
115,S2502_C03_016E,"hill_14, miami_dade_14, orange_14, hill_19, miami_dade_19, orange_19"
116,S2502_C03_017E,"hill_14, miami_dade_14, orange_14, hill_19, miami_dade_19, orange_19"
117,S2502_C03_018E,"hill_14, miami_dade_14, orange_14, hill_19, miami_dade_19, orange_19"
118,S2502_C03_019E,"hill_14, miami_dade_14, orange_14, hill_19, miami_dade_19, orange_19"
119,S2502_C03_020E,"hill_14, miami_dade_14, orange_14, hill_19, miami_dade_19, orange_19"
120,S2502_C03_021E,"hill_14, miami_dade_14, orange_14, hill_19, miami_dade_19, orange_19"
121,S2502_C03_022E,"hill_14, miami_dade_14, orange_14, hill_19, miami_dade_19, orange_19"
122,S2502_C03_023E,"hill_14, miami_dade_14, orange_14, hill_19, miami_dade_19, orange_19"
123,S2502_C03_024E,"hill_14, miami_dade_14, orange_14, hill_19, miami_dade_19, orange_19"
124,S2502_C03_025E,"hill_14, miami_dade_14, orange_14, hill_19, miami_dade_19, orange_19"
125,S2502_C03_026E,"hill_14, miami_dade_14, orange_14, hill_19, miami_dade_19, orange_19"
126,S2502_C03_027E,"hill_14, miami_dade_14, orange_14, hill_19, miami_dade_19, orange_19"
127,S2504_C01_001E,"hill_14, miami_dade_14, orange_14, hill_19, miami_dade_19, orange_19"
128,S2504_C01_002E,"hill_14, miami_dade_14, orange_14, hill_19, miami_dade_19, orange_19"
129,S2504_C01_003E,"hill_14, miami_dade_14, orange_14, hill_19, miami_dade_19, orange_19"
130,S2504_C01_004E,"hill_14, miami_dade_14, orange_14, hill_19, miami_dade_19, orange_19"
131,S2504_C01_005E,"hill_14, miami_dade_14, orange_14, hill_19, miami_dade_19, orange_19"
132,S2504_C01_006E,"hill_14, miami_dade_14, orange_14, hill_19, miami_dade_19, orange_19"
133,S2504_C01_007E,"hill_14, miami_dade_14, orange_14, hill_19, miami_dade_19, orange_19"
134,S2504_C01_008E,"hill_14, miami_dade_14, orange_14, hill_19, miami_dade_19, orange_19"
135,S2504_C01_009E,"hill_14, miami_dade_14, orange_14, hill_19, miami_dade_19, orange_19"
136,S2504_C01_010E,"hill_14, miami_dade_14, orange_14, hill_19, miami_dade_19, orange_19"
137,S2504_C01_011E,"hill_14, miami_dade_14, orange_14, hill_19, miami_dade_19, orange_19"
138,S2504_C01_012E,"hill_14, miami_dade_14, orange_14, hill_19, miami_dade_19, orange_19"
139,S2504_C01_013E,"hill_14, miami_dade_14, orange_14, hill_19, miami_dade_19, orange_19"
140,S2504_C01_014E,"hill_14, miami_dade_14, orange_14, hill_19, miami_dade_19, orange_19"
141,S2504_C01_015E,"hill_14, miami_dade_14, orange_14, hill_19, miami_dade_19, orange_19"
142,S2504_C01_016E,"hill_14, miami_dade_14, orange_14, hill_19, miami_dade_19, orange_19"
143,S2504_C01_017E,"hill_14, miami_dade_14, orange_14, hill_19, miami_dade_19, orange_19"
144,S2504_C01_018E,"hill_14, miami_dade_14, orange_14, hill_19, miami_dade_19, orange_19"
145,S2504_C01_019E,"hill_14, miami_dade_14, orange_14, hill_19, miami_dade_19, orange_19"
146,S2504_C01_020E,"hill_14, miami_dade_14, orange_14, hill_19, miami_dade_19, orange_19"
147,S2504_C01_021E,"hill_14, miami_dade_14, orange_14, hill_19, miami_dade_19, orange_19"
148,S2504_C01_022E,"hill_14, miami_dade_14, orange_14, hill_19, miami_dade_19, orange_19"
149,S2504_C01_023E,"hill_14, miami_dade_14, orange_14, hill_19, miami_dade_19, orange_19"
150,S2504_C01_024E,"hill_14, miami_dade_14, orange_14, hill_19, miami_dade_19, orange_19"
151,S2504_C01_025E,"hill_14, miami_dade_14, orange_14, hill_19, miami_dade_19, orange_19"
152,S2504_C01_026E,"hill_14, miami_dade_14, orange_14, hill_19, miami_dade_19, orange_19"
153,S2504_C01_027E,"hill_14, miami_dade_14, orange_14, hill_19, miami_dade_19, orange_19"
154,S2504_C01_028E,"hill_14, miami_dade_14, orange_14, hill_19, miami_dade_19, orange_19"
155,S2504_C01_029E,"hill_14, miami_dade_14, orange_14, hill_19, miami_dade_19, orange_19"
156,S2504_C01_030E,"hill_14, miami_dade_14, orange_14, hill_19, miami_dade_19, orange_19"
157,S2504_C01_031E,"hill_14, miami_dade_14, orange_14, hill_19, miami_dade_19, orange_19"
158,S2504_C01_032E,"hill_14, miami_dade_14, orange_14, hill_19, miami_dade_19, orange_19"
159,S2504_C01_033E,"hill_14, miami_dade_14, orange_14, hill_19, miami_dade_19, orange_19"
160,S2504_C01_034E,"hill_14, miami_dade_14, orange_14, hill_19, miami_dade_19, orange_19"
161,S2504_C01_035E,"hill_14, miami_dade_14, orange_14, hill_19, miami_dade_19, orange_19"
162,S2504_C01_036E,"hill_14, miami_dade_14, orange_14, hill_19, miami_dade_19, orange_19"
163,S2504_C01_037E,"hill_14, miami_dade_14, orange_14, hill_19, miami_dade_19, orange_19"
164,S2504_C02_001E,"hill_14, miami_dade_14, orange_14, hill_19, miami_dade_19, orange_19"
165,S2504_C02_002E,"hill_14, miami_dade_14, orange_14, hill_19, miami_dade_19, orange_19"
166,S2504_C02_003E,"hill_14, miami_dade_14, orange_14, hill_19, miami_dade_19, orange_19"
167,S2504_C02_004E,"hill_14, miami_dade_14, orange_14, hill_19, miami_dade_19, orange_19"
168,S2504_C02_005E,"hill_14, miami_dade_14, orange_14, hill_19, miami_dade_19, orange_19"
169,S2504_C02_006E,"hill_14, miami_dade_14, orange_14, hill_19, miami_dade_19, orange_19"
170,S2504_C02_007E,"hill_14, miami_dade_14, orange_14, hill_19, miami_dade_19, orange_19"
171,S2504_C02_008E,"hill_14, miami_dade_14, orange_14, hill_19, miami_dade_19, orange_19"
172,S2504_C02_009E,"hill_14, miami_dade_14, orange_14, hill_19, miami_dade_19, orange_19"
173,S2504_C02_010E,"hill_14, miami_dade_14, orange_14, hill_19, miami_dade_19, orange_19"
174,S2504_C02_011E,"hill_14, miami_dade_14, orange_14, hill_19, miami_dade_19, orange_19"
175,S2504_C02_012E,"hill_14, miami_dade_14, orange_14, hill_19, miami_dade_19, orange_19"
176,S2504_C02_013E,"hill_14, miami_dade_14, orange_14, hill_19, miami_dade_19, orange_19"
177,S2504_C02_014E,"hill_14, miami_dade_14, orange_14, hill_19, miami_dade_19, orange_19"
178,S2504_C02_015E,"hill_14, miami_dade_14, orange_14, hill_19, miami_dade_19, orange_19"
179,S2504_C02_016E,"hill_14, miami_dade_14, orange_14, hill_19, miami_dade_19, orange_19"
180,S2504_C02_017E,"hill_14, miami_dade_14, orange_14, hill_19, miami_dade_19, orange_19"
181,S2504_C02_018E,"hill_14, miami_dade_14, orange_14, hill_19, miami_dade_19, orange_19"
182,S2504_C02_019E,"hill_14, miami_dade_14, orange_14, hill_19, miami_dade_19, orange_19"
183,S2504_C02_020E,"hill_14, miami_dade_14, orange_14, hill_19, miami_dade_19, orange_19"
184,S2504_C02_021E,"hill_14, miami_dade_14, orange_14, hill_19, miami_dade_19, orange_19"
185,S2504_C02_022E,"hill_14, miami_dade_14, orange_14, hill_19, miami_dade_19, orange_19"
186,S2504_C02_023E,"hill_14, miami_dade_14, orange_14, hill_19, miami_dade_19, orange_19"
187,S2504_C02_024E,"hill_14, miami_dade_14, orange_14, hill_19, miami_dade_19, orange_19"
188,S2504_C02_025E,"hill_14, miami_dade_14, orange_14, hill_19, miami_dade_19, orange_19"
189,S2504_C02_026E,"hill_14, miami_dade_14, orange_14, hill_19, miami_dade_19, orange_19"
190,S2504_C02_027E,"hill_14, miami_dade_14, orange_14, hill_19, miami_dade_19, orange_19"
191,S2504_C02_028E,"hill_14, miami_dade_14, orange_14, hill_19, miami_dade_19, orange_19"
192,S2504_C02_029E,"hill_14, miami_dade_14, orange_14, hill_19, miami_dade_19, orange_19"
193,S2504_C02_030E,"hill_14, miami_dade_14, orange_14, hill_19, miami_dade_19, orange_19"
194,S2504_C02_031E,"hill_14, miami_dade_14, orange_14, hill_19, miami_dade_19, orange_19"
195,S2504_C02_032E,"hill_14, miami_dade_14, orange_14, hill_19, miami_dade_19, orange_19"
196,S2504_C02_033E,"hill_14, miami_dade_14, orange_14, hill_19, miami_dade_19, orange_19"
197,S2504_C02_034E,"hill_14, miami_dade_14, orange_14, hill_19, miami_dade_19, orange_19"
198,S2504_C02_035E,"hill_14, miami_dade_14, orange_14, hill_19, miami_dade_19, orange_19"
199,S2504_C02_036E,"hill_14, miami_dade_14, orange_14, hill_19, miami_dade_19, orange_19"
200,S2504_C02_037E,"hill_14, miami_dade_14, orange_14, hill_19, miami_dade_19, orange_19"
201,S2504_C03_001E,"hill_14, miami_dade_14, orange_14, hill_19, miami_dade_19, orange_19"
202,S2504_C03_002E,"hill_14, miami_dade_14, orange_14, hill_19, miami_dade_19, orange_19"
203,S2504_C03_003E,"hill_14, miami_dade_14, orange_14, hill_19, miami_dade_19, orange_19"
204,S2504_C03_004E,"hill_14, miami_dade_14, orange_14, hill_19, miami_dade_19, orange_19"
205,S2504_C03_005E,"hill_14, miami_dade_14, orange_14, hill_19, miami_dade_19, orange_19"
206,S2504_C03_006E,"hill_14, miami_dade_14, orange_14, hill_19, miami_dade_19, orange_19"
207,S2504_C03_007E,"hill_14, miami_dade_14, orange_14, hill_19, miami_dade_19, orange_19"
208,S2504_C03_008E,"hill_14, miami_dade_14, orange_14, hill_19, miami_dade_19, orange_19"
209,S2504_C03_009E,"hill_14, miami_dade_14, orange_14, hill_19, miami_dade_19, orange_19"
210,S2504_C03_010E,"hill_14, miami_dade_14, orange_14, hill_19, miami_dade_19, orange_19"
211,S2504_C03_011E,"hill_14, miami_dade_14, orange_14, hill_19, miami_dade_19, orange_19"
212,S2504_C03_012E,"hill_14, miami_dade_14, orange_14, hill_19, miami_dade_19, orange_19"
213,S2504_C03_013E,"hill_14, miami_dade_14, orange_14, hill_19, miami_dade_19, orange_19"
214,S2504_C03_014E,"hill_14, miami_dade_14, orange_14, hill_19, miami_dade_19, orange_19"
215,S2504_C03_015E,"hill_14, miami_dade_14, orange_14, hill_19, miami_dade_19, orange_19"
216,S2504_C03_016E,"hill_14, miami_dade_14, orange_14, hill_19, miami_dade_19, orange_19"
217,S2504_C03_017E,"hill_14, miami_dade_14, orange_14, hill_19, miami_dade_19, orange_19"
218,S2504_C03_018E,"hill_14, miami_dade_14, orange_14, hill_19, miami_dade_19, orange_19"
219,S2504_C03_019E,"hill_14, miami_dade_14, orange_14, hill_19, miami_dade_19, orange_19"
220,S2504_C03_020E,"hill_14, miami_dade_14, orange_14, hill_19, miami_dade_19, orange_19"
221,S2504_C03_021E,"hill_14, miami_dade_14, orange_14, hill_19, miami_dade_19, orange_19"
222,S2504_C03_022E,"hill_14, miami_dade_14, orange_14, hill_19, miami_dade_19, orange_19"
223,S2504_C03_023E,"hill_14, miami_dade_14, orange_14, hill_19, miami_dade_19, orange_19"
224,S2504_C03_024E,"hill_14, miami_dade_14, orange_14, hill_19, miami_dade_19, orange_19"
225,S2504_C03_025E,"hill_14, miami_dade_14, orange_14, hill_19, miami_dade_19, orange_19"
226,S2504_C03_026E,"hill_14, miami_dade_14, orange_14, hill_19, miami_dade_19, orange_19"
227,S2504_C03_027E,"hill_14, miami_dade_14, orange_14, hill_19, miami_dade_19, orange_19"
228,S2504_C03_028E,"hill_14, miami_dade_14, orange_14, hill_19, miami_dade_19, orange_19"
229,S2504_C03_029E,"hill_14, miami_dade_14, orange_14, hill_19, miami_dade_19, orange_19"
230,S2504_C03_030E,"hill_14, miami_dade_14, orange_14, hill_19, miami_dade_19, orange_19"
231,S2504_C03_031E,"hill_14, miami_dade_14, orange_14, hill_19, miami_dade_19, orange_19"
232,S2504_C03_032E,"hill_14, miami_dade_14, orange_14, hill_19, miami_dade_19, orange_19"
233,S2504_C03_033E,"hill_14, miami_dade_14, orange_14, hill_19, miami_dade_19, orange_19"
234,S2504_C03_034E,"hill_14, miami_dade_14, orange_14, hill_19, miami_dade_19, orange_19"
235,S2504_C03_035E,"hill_14, miami_dade_14, orange_14, hill_19, miami_dade_19, orange_19"
236,S2504_C03_036E,"hill_14, miami_dade_14, orange_14, hill_19, miami_dade_19, orange_19"
237,S2504_C03_037E,"hill_14, miami_dade_14, orange_14, hill_19, miami_dade_19, orange_19"
238,S2506_C01_001E,"hill_14, miami_dade_14, orange_14, hill_19, miami_dade_19, orange_19"
239,S2506_C01_002E,"hill_14, miami_dade_14, orange_14, hill_19, miami_dade_19, orange_19"
240,S2506_C01_003E,"hill_14, miami_dade_14, orange_14, hill_19, miami_dade_19, orange_19"
241,S2506_C01_004E,"hill_14, miami_dade_14, orange_14, hill_19, miami_dade_19, orange_19"
242,S2506_C01_005E,"hill_14, miami_dade_14, orange_14, hill_19, miami_dade_19, orange_19"
243,S2506_C01_006E,"hill_14, miami_dade_14, orange_14, hill_19, miami_dade_19, orange_19"
244,S2506_C01_007E,"hill_14, miami_dade_14, orange_14, hill_19, miami_dade_19, orange_19"
245,S2506_C01_008E,"hill_14, miami_dade_14, orange_14, hill_19, miami_dade_19, orange_19"
246,S2506_C01_009E,"hill_14, miami_dade_14, orange_14, hill_19, miami_dade_19, orange_19"
247,S2506_C01_010E,"hill_14, miami_dade_14, orange_14, hill_19, miami_dade_19, orange_19"
248,S2506_C01_011E,"hill_14, miami_dade_14, orange_14, hill_19, miami_dade_19, orange_19"
249,S2506_C01_012E,"hill_14, miami_dade_14, orange_14, hill_19, miami_dade_19, orange_19"
250,S2506_C01_013E,"hill_14, miami_dade_14, orange_14, hill_19, miami_dade_19, orange_19"
251,S2506_C01_014E,"hill_14, miami_dade_14, orange_14, hill_19, miami_dade_19, orange_19"
252,S2506_C01_015E,"hill_14, miami_dade_14, orange_14, hill_19, miami_dade_19, orange_19"
253,S2506_C01_016E,"hill_14, miami_dade_14, orange_14, hill_19, miami_dade_19, orange_19"
254,S2506_C01_017E,"hill_14, miami_dade_14, orange_14, hill_19, miami_dade_19, orange_19"
255,S2506_C01_018E,"hill_14, miami_dade_14, orange_14, hill_19, miami_dade_19, orange_19"
256,S2506_C01_019E,"hill_14, miami_dade_14, orange_14, hill_19, miami_dade_19, orange_19"
257,S2506_C01_020E,"hill_14, miami_dade_14, orange_14, hill_19, miami_dade_19, orange_19"
258,S2506_C01_021E,"hill_14, miami_dade_14, orange_14, hill_19, miami_dade_19, orange_19"
259,S2506_C01_022E,"hill_14, miami_dade_14, orange_14, hill_19, miami_dade_19, orange_19"
260,S2506_C01_023E,"hill_14, miami_dade_14, orange_14, hill_19, miami_dade_19, orange_19"
261,S2506_C01_024E,"hill_14, miami_dade_14, orange_14, hill_19, miami_dade_19, orange_19"
262,S2506_C01_025E,"hill_14, miami_dade_14, orange_14, hill_19, miami_dade_19, orange_19"
263,S2506_C01_026E,"hill_14, miami_dade_14, orange_14, hill_19, miami_dade_19, orange_19"
264,S2506_C01_027E,"hill_14, miami_dade_14, orange_14, hill_19, miami_dade_19, orange_19"
265,S2506_C01_028E,"hill_14, miami_dade_14, orange_14, hill_19, miami_dade_19, orange_19"
266,S2506_C01_029E,"hill_14, miami_dade_14, orange_14, hill_19, miami_dade_19, orange_19"
267,S2506_C01_030E,"hill_14, miami_dade_14, orange_14, hill_19, miami_dade_19, orange_19"
268,S2506_C01_031E,"hill_14, miami_dade_14, orange_14, hill_19, miami_dade_19, orange_19"
269,S2506_C01_032E,"hill_14, miami_dade_14, orange_14, hill_19, miami_dade_19, orange_19"
270,S2506_C01_033E,"hill_14, miami_dade_14, orange_14, hill_19, miami_dade_19, orange_19"
271,S2506_C01_034E,"hill_14, miami_dade_14, orange_14, hill_19, miami_dade_19, orange_19"
272,S2506_C01_035E,"hill_14, miami_dade_14, orange_14, hill_19, miami_dade_19, orange_19"
273,S2506_C01_036E,"hill_14, miami_dade_14, orange_14, hill_19, miami_dade_19, orange_19"
274,S2506_C01_037E,"hill_14, miami_dade_14, orange_14, hill_19, miami_dade_19, orange_19"
275,S2506_C01_038E,"hill_14, miami_dade_14, orange_14, hill_19, miami_dade_19, orange_19"
276,S2506_C01_039E,"hill_14, miami_dade_14, orange_14, hill_19, miami_dade_19, orange_19"
277,S2506_C01_040E,"hill_14, miami_dade_14, orange_14, hill_19, miami_dade_19, orange_19"
278,S2506_C01_041E,"hill_14, miami_dade_14, orange_14, hill_19, miami_dade_19, orange_19"
279,S2506_C01_042E,"hill_14, miami_dade_14, orange_14, hill_19, miami_dade_19, orange_19"
280,S2506_C01_043E,"hill_14, miami_dade_14, orange_14, hill_19, miami_dade_19, orange_19"
281,S2506_C01_044E,"hill_14, miami_dade_14, orange_14, hill_19, miami_dade_19, orange_19"
282,S2506_C01_045E,"hill_14, miami_dade_14, orange_14, hill_19, miami_dade_19, orange_19"
283,S2506_C01_046E,"hill_14, miami_dade_14, orange_14, hill_19, miami_dade_19, orange_19"
284,S2506_C01_047E,"hill_14, miami_dade_14, orange_14, hill_19, miami_dade_19, orange_19"
285,S2506_C01_048E,"hill_14, miami_dade_14, orange_14, hill_19, miami_dade_19, orange_19"
286,S2506_C01_049E,"hill_14, miami_dade_14, orange_14, hill_19, miami_dade_19, orange_19"
287,S2506_C01_050E,"hill_14, miami_dade_14, orange_14, hill_19, miami_dade_19, orange_19"
288,S2506_C01_051E,"hill_14, miami_dade_14, orange_14, hill_19, miami_dade_19, orange_19"
289,S2506_C01_052E,"hill_14, miami_dade_14, orange_14, hill_19, miami_dade_19, orange_19"
290,S2506_C01_053E,"hill_14, miami_dade_14, orange_14, hill_19, miami_dade_19, orange_19"
291,S2506_C01_054E,"hill_14, miami_dade_14, orange_14, hill_19, miami_dade_19, orange_19"
292,S2506_C01_055E,"hill_14, miami_dade_14, orange_14, hill_19, miami_dade_19, orange_19"
293,S2506_C01_056E,"hill_14, miami_dade_14, orange_14, hill_19, miami_dade_19, orange_19"
294,S2506_C01_057E,"hill_14, miami_dade_14, orange_14, hill_19, miami_dade_19, orange_19"
295,S2506_C01_058E,"hill_14, miami_dade_14, orange_14, hill_19, miami_dade_19, orange_19"
296,S2506_C01_059E,"hill_14, miami_dade_14, orange_14, hill_19, miami_dade_19, orange_19"
297,S2506_C01_060E,"hill_14, miami_dade_14, orange_14, hill_19, miami_dade_19, orange_19"
298,S2506_C01_061E,"hill_14, miami_dade_14, orange_14, hill_19, miami_dade_19, orange_19"
299,S2506_C01_062E,"hill_14, miami_dade_14, orange_14, hill_19, miami_dade_19, orange_19"
300,S2506_C01_063E,"hill_14, miami_dade_14, orange_14, hill_19, miami_dade_19, orange_19"
301,S2506_C01_064E,"hill_14, miami_dade_14, orange_14, hill_19, miami_dade_19, orange_19"
302,S2506_C01_065E,"hill_14, miami_dade_14, orange_14, hill_19, miami_dade_19, orange_19"
303,S2506_C01_066E,"hill_14, miami_dade_14, orange_14"
304,S2506_C01_067E,"hill_14, miami_dade_14, orange_14"
305,S2506_C01_068E,"hill_14, miami_dade_14, orange_14"
306,B01003_001E,"hill_14, miami_dade_14, orange_14, hill_19, miami_dade_19, orange_19"
307,B25003_001E,"hill_14, miami_dade_14, orange_14, hill_19, miami_dade_19, orange_19"
308,B25003_002E,"hill_14, miami_dade_14, orange_14, hill_19, miami_dade_19, orange_19"
309,B25003_003E,"hill_14, miami_dade_14, orange_14, hill_19, miami_dade_19, orange_19"
310,B25004_001E,"hill_14, miami_dade_14, orange_14, hill_19, miami_dade_19, orange_19"
311,B25004_002E,"hill_14, miami_dade_14, orange_14, hill_19, miami_dade_19, orange_19"
312,B25004_003E,"hill_14, miami_dade_14, orange_14, hill_19, miami_dade_19, orange_19"
313,B25004_004E,"hill_14, miami_dade_14, orange_14, hill_19, miami_dade_19, orange_19"
314,B25004_005E,"hill_14, miami_dade_14, orange_14, hill_19, miami_dade_19, orange_19"
315,B25004_006E,"hill_14, miami_dade_14, orange_14, hill_19, miami_dade_19, orange_19"
316,B25004_007E,"hill_14, miami_dade_14, orange_14, hill_19, miami_dade_19, orange_19"
317,B25004_008E,"hill_14, miami_dade_14, orange_14, hill_19, miami_dade_19, orange_19"
318,B25035_001E,"hill_14, miami_dade_14, orange_14, hill_19, miami_dade_19, orange_19"
319,B25056_001E,"hill_14, miami_dade_14, orange_14, hill_19, miami_dade_19, orange_19"
320,B25056_002E,"hill_14, miami_dade_14, orange_14, hill_19, miami_dade_19, orange_19"
321,B25056_003E,"hill_14, miami_dade_14, orange_14, hill_19, miami_dade_19, orange_19"
322,B25056_004E,"hill_14, miami_dade_14, orange_14, hill_19, miami_dade_19, orange_19"
323,B25056_005E,"hill_14, miami_dade_14, orange_14, hill_19, miami_dade_19, orange_19"
324,B25056_006E,"hill_14, miami_dade_14, orange_14, hill_19, miami_dade_19, orange_19"
325,B25056_007E,"hill_14, miami_dade_14, orange_14, hill_19, miami_dade_19, orange_19"
326,B25056_008E,"hill_14, miami_dade_14, orange_14, hill_19, miami_dade_19, orange_19"
327,B25056_009E,"hill_14, miami_dade_14, orange_14, hill_19, miami_dade_19, orange_19"
328,B25056_010E,"hill_14, miami_dade_14, orange_14, hill_19, miami_dade_19, orange_19"
329,B25056_011E,"hill_14, miami_dade_14, orange_14, hill_19, miami_dade_19, orange_19"
330,B25056_012E,"hill_14, miami_dade_14, orange_14, hill_19, miami_dade_19, orange_19"
331,B25056_013E,"hill_14, miami_dade_14, orange_14, hill_19, miami_dade_19, orange_19"
332,B25056_014E,"hill_14, miami_dade_14, orange_14, hill_19, miami_dade_19, orange_19"
333,B25056_015E,"hill_14, miami_dade_14, orange_14, hill_19, miami_dade_19, orange_19"
334,B25056_016E,"hill_14, miami_dade_14, orange_14, hill_19, miami_dade_19, orange_19"
335,B25056_017E,"hill_14, miami_dade_14, orange_14, hill_19, miami_dade_19, orange_19"
336,B25056_018E,"hill_14, miami_dade_14, orange_14, hill_19, miami_dade_19, orange_19"
337,B25056_019E,"hill_14, miami_dade_14, orange_14, hill_19, miami_dade_19, orange_19"
338,B25056_020E,"hill_14, miami_dade_14, orange_14, hill_19, miami_dade_19, orange_19"
339,B25056_021E,"hill_14, miami_dade_14, orange_14, hill_19, miami_dade_19, orange_19"
340,B25056_022E,"hill_14, miami_dade_14, orange_14, hill_19, miami_dade_19, orange_19"
341,B25056_023E,"hill_14, miami_dade_14, orange_14, hill_19, miami_dade_19, orange_19"
342,B25056_024E,"hill_14, miami_dade_14, orange_14, hill_19, miami_dade_19, orange_19"
343,B25057_001E,"hill_14, miami_dade_14, orange_14, hill_19, miami_dade_19, orange_19"
344,B25058_001E,"hill_14, miami_dade_14, orange_14, hill_19, miami_dade_19, orange_19"
345,B25059_001E,"hill_14, miami_dade_14, orange_14, hill_19, miami_dade_19, orange_19"
346,B25061_001E,"hill_14, miami_dade_14, orange_14, hill_19, miami_dade_19, orange_19"
347,B25061_002E,"hill_14, miami_dade_14, orange_14, hill_19, miami_dade_19, orange_19"
348,B25061_003E,"hill_14, miami_dade_14, orange_14, hill_19, miami_dade_19, orange_19"
349,B25061_004E,"hill_14, miami_dade_14, orange_14, hill_19, miami_dade_19, orange_19"
350,B25061_005E,"hill_14, miami_dade_14, orange_14, hill_19, miami_dade_19, orange_19"
351,B25061_006E,"hill_14, miami_dade_14, orange_14, hill_19, miami_dade_19, orange_19"
352,B25061_007E,"hill_14, miami_dade_14, orange_14, hill_19, miami_dade_19, orange_19"
353,B25061_008E,"hill_14, miami_dade_14, orange_14, hill_19, miami_dade_19, orange_19"
354,B25061_009E,"hill_14, miami_dade_14, orange_14, hill_19, miami_dade_19, orange_19"
355,B25061_010E,"hill_14, miami_dade_14, orange_14, hill_19, miami_dade_19, orange_19"
356,B25061_011E,"hill_14, miami_dade_14, orange_14, hill_19, miami_dade_19, orange_19"
357,B25061_012E,"hill_14, miami_dade_14, orange_14, hill_19, miami_dade_19, orange_19"
358,B25061_013E,"hill_14, miami_dade_14, orange_14, hill_19, miami_dade_19, orange_19"
359,B25061_014E,"hill_14, miami_dade_14, orange_14, hill_19, miami_dade_19, orange_19"
360,B25061_015E,"hill_14, miami_dade_14, orange_14, hill_19, miami_dade_19, orange_19"
361,B25061_016E,"hill_14, miami_dade_14, orange_14, hill_19, miami_dade_19, orange_19"
362,B25061_017E,"hill_14, miami_dade_14, orange_14, hill_19, miami_dade_19, orange_19"
363,B25061_018E,"hill_14, miami_dade_14, orange_14, hill_19, miami_dade_19, orange_19"
364,B25061_019E,"hill_14, miami_dade_14, orange_14, hill_19, miami_dade_19, orange_19"
365,B25061_020E,"hill_14, miami_dade_14, orange_14, hill_19, miami_dade_19, orange_19"
366,B25061_021E,"hill_14, miami_dade_14, orange_14, hill_19, miami_dade_19, orange_19"
367,B25061_022E,"hill_14, miami_dade_14, orange_14, hill_19, miami_dade_19, orange_19"
368,B25063_001E,"hill_14, miami_dade_14, orange_14, hill_19, miami_dade_19, orange_19"
369,B25063_002E,"hill_14, miami_dade_14, orange_14, hill_19, miami_dade_19, orange_19"
370,B25063_003E,"hill_14, miami_dade_14, orange_14, hill_19, miami_dade_19, orange_19"
371,B25063_004E,"hill_14, miami_dade_14, orange_14, hill_19, miami_dade_19, orange_19"
372,B25063_005E,"hill_14, miami_dade_14, orange_14, hill_19, miami_dade_19, orange_19"
373,B25063_006E,"hill_14, miami_dade_14, orange_14, hill_19, miami_dade_19, orange_19"
374,B25063_007E,"hill_14, miami_dade_14, orange_14, hill_19, miami_dade_19, orange_19"
375,B25063_008E,"hill_14, miami_dade_14, orange_14, hill_19, miami_dade_19, orange_19"
376,B25063_009E,"hill_14, miami_dade_14, orange_14, hill_19, miami_dade_19, orange_19"
377,B25063_010E,"hill_14, miami_dade_14, orange_14, hill_19, miami_dade_19, orange_19"
378,B25063_011E,"hill_14, miami_dade_14, orange_14, hill_19, miami_dade_19, orange_19"
379,B25063_012E,"hill_14, miami_dade_14, orange_14, hill_19, miami_dade_19, orange_19"
380,B25063_013E,"hill_14, miami_dade_14, orange_14, hill_19, miami_dade_19, orange_19"
381,B25063_014E,"hill_14, miami_dade_14, orange_14, hill_19, miami_dade_19, orange_19"
382,B25063_015E,"hill_14, miami_dade_14, orange_14, hill_19, miami_dade_19, orange_19"
383,B25063_016E,"hill_14, miami_dade_14, orange_14, hill_19, miami_dade_19, orange_19"
384,B25063_017E,"hill_14, miami_dade_14, orange_14, hill_19, miami_dade_19, orange_19"
385,B25063_018E,"hill_14, miami_dade_14, orange_14, hill_19, miami_dade_19, orange_19"
386,B25063_019E,"hill_14, miami_dade_14, orange_14, hill_19, miami_dade_19, orange_19"
387,B25063_020E,"hill_14, miami_dade_14, orange_14, hill_19, miami_dade_19, orange_19"
388,B25063_021E,"hill_14, miami_dade_14, orange_14, hill_19, miami_dade_19, orange_19"
389,B25063_022E,"hill_14, miami_dade_14, orange_14, hill_19, miami_dade_19, orange_19"
390,B25063_023E,"hill_14, miami_dade_14, orange_14, hill_19, miami_dade_19, orange_19"
391,B25063_024E,"hill_14, miami_dade_14, orange_14, hill_19, miami_dade_19, orange_19"
392,B25064_001E,"hill_14, miami_dade_14, orange_14, hill_19, miami_dade_19, orange_19"
393,B25070_001E,"hill_14, miami_dade_14, orange_14, hill_19, miami_dade_19, orange_19"
394,B25070_002E,"hill_14, miami_dade_14, orange_14, hill_19, miami_dade_19, orange_19"
395,B25070_003E,"hill_14, miami_dade_14, orange_14, hill_19, miami_dade_19, orange_19"
396,B25070_004E,"hill_14, miami_dade_14, orange_14, hill_19, miami_dade_19, orange_19"
397,B25070_005E,"hill_14, miami_dade_14, orange_14, hill_19, miami_dade_19, orange_19"
398,B25070_006E,"hill_14, miami_dade_14, orange_14, hill_19, miami_dade_19, orange_19"
399,B25070_007E,"hill_14, miami_dade_14, orange_14, hill_19, miami_dade_19, orange_19"
400,B25070_008E,"hill_14, miami_dade_14, orange_14, hill_19, miami_dade_19, orange_19"
401,B25070_009E,"hill_14, miami_dade_14, orange_14, hill_19, miami_dade_19, orange_19"
402,B25070_010E,"hill_14, miami_dade_14, orange_14, hill_19, miami_dade_19, orange_19"
403,B25070_011E,"hill_14, miami_dade_14, orange_14, hill_19, miami_dade_19, orange_19"
404,B25074_001E,"hill_14, miami_dade_14, orange_14, hill_19, miami_dade_19, orange_19"
405,B25074_002E,"hill_14, miami_dade_14, orange_14, hill_19, miami_dade_19, orange_19"
406,B25074_003E,"hill_14, miami_dade_14, orange_14, hill_19, miami_dade_19, orange_19"
407,B25074_004E,"hill_14, miami_dade_14, orange_14, hill_19, miami_dade_19, orange_19"
408,B25074_005E,"hill_14, miami_dade_14, orange_14, hill_19, miami_dade_19, orange_19"
409,B25074_006E,"hill_14, miami_dade_14, orange_14, hill_19, miami_dade_19, orange_19"
410,B25074_007E,"hill_14, miami_dade_14, orange_14, hill_19, miami_dade_19, orange_19"
411,B25074_008E,"hill_14, miami_dade_14, orange_14, hill_19, miami_dade_19, orange_19"
412,B25074_009E,"hill_14, miami_dade_14, orange_14, hill_19, miami_dade_19, orange_19"
413,B25074_010E,"hill_14, miami_dade_14, orange_14, hill_19, miami_dade_19, orange_19"
414,B25074_011E,"hill_14, miami_dade_14, orange_14, hill_19, miami_dade_19, orange_19"
415,B25074_012E,"hill_14, miami_dade_14, orange_14, hill_19, miami_dade_19, orange_19"
416,B25074_013E,"hill_14, miami_dade_14, orange_14, hill_19, miami_dade_19, orange_19"
417,B25074_014E,"hill_14, miami_dade_14, orange_14, hill_19, miami_dade_19, orange_19"
418,B25074_015E,"hill_14, miami_dade_14, orange_14, hill_19, miami_dade_19, orange_19"
419,B25074_016E,"hill_14, miami_dade_14, orange_14, hill_19, miami_dade_19, orange_19"
420,B25074_017E,"hill_14, miami_dade_14, orange_14, hill_19, miami_dade_19, orange_19"
421,B25074_018E,"hill_14, miami_dade_14, orange_14, hill_19, miami_dade_19, orange_19"
422,B25074_019E,"hill_14, miami_dade_14, orange_14, hill_19, miami_dade_19, orange_19"
423,B25074_020E,"hill_14, miami_dade_14, orange_14, hill_19, miami_dade_19, orange_19"
424,B25074_021E,"hill_14, miami_dade_14, orange_14, hill_19, miami_dade_19, orange_19"
425,B25074_022E,"hill_14, miami_dade_14, orange_14, hill_19, miami_dade_19, orange_19"
426,B25074_023E,"hill_14, miami_dade_14, orange_14, hill_19, miami_dade_19, orange_19"
427,B25074_024E,"hill_14, miami_dade_14, orange_14, hill_19, miami_dade_19, orange_19"
428,B25074_025E,"hill_14, miami_dade_14, orange_14, hill_19, miami_dade_19, orange_19"
429,B25074_026E,"hill_14, miami_dade_14, orange_14, hill_19, miami_dade_19, orange_19"
430,B25074_027E,"hill_14, miami_dade_14, orange_14, hill_19, miami_dade_19, orange_19"
431,B25074_028E,"hill_14, miami_dade_14, orange_14, hill_19, miami_dade_19, orange_19"
432,B25074_029E,"hill_14, miami_dade_14, orange_14, hill_19, miami_dade_19, orange_19"
433,B25074_030E,"hill_14, miami_dade_14, orange_14, hill_19, miami_dade_19, orange_19"
434,B25074_031E,"hill_14, miami_dade_14, orange_14, hill_19, miami_dade_19, orange_19"
435,B25074_032E,"hill_14, miami_dade_14, orange_14, hill_19, miami_dade_19, orange_19"
436,B25074_033E,"hill_14, miami_dade_14, orange_14, hill_19, miami_dade_19, orange_19"
437,B25074_034E,"hill_14, miami_dade_14, orange_14, hill_19, miami_dade_19, orange_19"
438,B25074_035E,"hill_14, miami_dade_14, orange_14, hill_19, miami_dade_19, orange_19"
439,B25074_036E,"hill_14, miami_dade_14, orange_14, hill_19, miami_dade_19, orange_19"
440,B25074_037E,"hill_14, miami_dade_14, orange_14, hill_19, miami_dade_19, orange_19"
441,B25074_038E,"hill_14, miami_dade_14, orange_14, hill_19, miami_dade_19, orange_19"
442,B25074_039E,"hill_14, miami_dade_14, orange_14, hill_19, miami_dade_19, orange_19"
443,B25074_040E,"hill_14, miami_dade_14, orange_14, hill_19, miami_dade_19, orange_19"
444,B25074_041E,"hill_14, miami_dade_14, orange_14, hill_19, miami_dade_19, orange_19"
445,B25074_042E,"hill_14, miami_dade_14, orange_14, hill_19, miami_dade_19, orange_19"
446,B25074_043E,"hill_14, miami_dade_14, orange_14, hill_19, miami_dade_19, orange_19"
447,B25074_044E,"hill_14, miami_dade_14, orange_14, hill_19, miami_dade_19, orange_19"
448,B25074_045E,"hill_14, miami_dade_14, orange_14, hill_19, miami_dade_19, orange_19"
449,B25074_046E,"hill_14, miami_dade_14, orange_14, hill_19, miami_dade_19, orange_19"
450,B25074_047E,"hill_14, miami_dade_14, orange_14, hill_19, miami_dade_19, orange_19"
451,B25074_048E,"hill_14, miami_dade_14, orange_14, hill_19, miami_dade_19, orange_19"
452,B25074_049E,"hill_14, miami_dade_14, orange_14, hill_19, miami_dade_19, orange_19"
453,B25074_050E,"hill_14, miami_dade_14, orange_14, hill_19, miami_dade_19, orange_19"
454,B25074_051E,"hill_14, miami_dade_14, orange_14, hill_19, miami_dade_19, orange_19"
455,B25074_052E,"hill_14, miami_dade_14, orange_14, hill_19, miami_dade_19, orange_19"
456,B25074_053E,"hill_14, miami_dade_14, orange_14, hill_19, miami_dade_19, orange_19"
457,B25074_054E,"hill_14, miami_dade_14, orange_14, hill_19, miami_dade_19, orange_19"
458,B25074_055E,"hill_14, miami_dade_14, orange_14, hill_19, miami_dade_19, orange_19"
459,B25074_056E,"hill_14, miami_dade_14, orange_14, hill_19, miami_dade_19, orange_19"
460,B25074_057E,"hill_14, miami_dade_14, orange_14, hill_19, miami_dade_19, orange_19"
461,B25074_058E,"hill_14, miami_dade_14, orange_14, hill_19, miami_dade_19, orange_19"
462,B25074_059E,"hill_14, miami_dade_14, orange_14, hill_19, miami_dade_19, orange_19"
463,B25074_060E,"hill_14, miami_dade_14, orange_14, hill_19, miami_dade_19, orange_19"
464,B25074_061E,"hill_14, miami_dade_14, orange_14, hill_19, miami_dade_19, orange_19"
465,B25074_062E,"hill_14, miami_dade_14, orange_14, hill_19, miami_dade_19, orange_19"
466,B25074_063E,"hill_14, miami_dade_14, orange_14, hill_19, miami_dade_19, orange_19"
467,B25074_064E,"hill_14, miami_dade_14, orange_14, hill_19, miami_dade_19, orange_19"
468,B25075_001E,"hill_14, miami_dade_14, orange_14, hill_19, miami_dade_19, orange_19"
469,B25075_002E,"hill_14, miami_dade_14, orange_14, hill_19, miami_dade_19, orange_19"
470,B25075_003E,"hill_14, miami_dade_14, orange_14, hill_19, miami_dade_19, orange_19"
471,B25075_004E,"hill_14, miami_dade_14, orange_14, hill_19, miami_dade_19, orange_19"
472,B25075_005E,"hill_14, miami_dade_14, orange_14, hill_19, miami_dade_19, orange_19"
473,B25075_006E,"hill_14, miami_dade_14, orange_14, hill_19, miami_dade_19, orange_19"
474,B25075_007E,"hill_14, miami_dade_14, orange_14, hill_19, miami_dade_19, orange_19"
475,B25075_008E,"hill_14, miami_dade_14, orange_14, hill_19, miami_dade_19, orange_19"
476,B25075_009E,"hill_14, miami_dade_14, orange_14, hill_19, miami_dade_19, orange_19"
477,B25075_010E,"hill_14, miami_dade_14, orange_14, hill_19, miami_dade_19, orange_19"
478,B25075_011E,"hill_14, miami_dade_14, orange_14, hill_19, miami_dade_19, orange_19"
479,B25075_012E,"hill_14, miami_dade_14, orange_14, hill_19, miami_dade_19, orange_19"
480,B25075_013E,"hill_14, miami_dade_14, orange_14, hill_19, miami_dade_19, orange_19"
481,B25075_014E,"hill_14, miami_dade_14, orange_14, hill_19, miami_dade_19, orange_19"
482,B25075_015E,"hill_14, miami_dade_14, orange_14, hill_19, miami_dade_19, orange_19"
483,B25075_016E,"hill_14, miami_dade_14, orange_14, hill_19, miami_dade_19, orange_19"
484,B25075_017E,"hill_14, miami_dade_14, orange_14, hill_19, miami_dade_19, orange_19"
485,B25075_018E,"hill_14, miami_dade_14, orange_14, hill_19, miami_dade_19, orange_19"
486,B25075_019E,"hill_14, miami_dade_14, orange_14, hill_19, miami_dade_19, orange_19"
487,B25075_020E,"hill_14, miami_dade_14, orange_14, hill_19, miami_dade_19, orange_19"
488,B25075_021E,"hill_14, miami_dade_14, orange_14, hill_19, miami_dade_19, orange_19"
489,B25075_022E,"hill_14, miami_dade_14, orange_14, hill_19, miami_dade_19, orange_19"
490,B25075_023E,"hill_14, miami_dade_14, orange_14, hill_19, miami_dade_19, orange_19"
491,B25075_024E,"hill_14, miami_dade_14, orange_14, hill_19, miami_dade_19, orange_19"
492,B25075_025E,"hill_14, miami_dade_14, orange_14, hill_19, miami_dade_19, orange_19"
493,B25076_001E,"hill_14, miami_dade_14, orange_14, hill_19, miami_dade_19, orange_19"
494,B25077_001E,"hill_14, miami_dade_14, orange_14, hill_19, miami_dade_19, orange_19"
495,B25078_001E,"hill_14, miami_dade_14, orange_14, hill_19, miami_dade_19, orange_19"
496,B25087_001E,"hill_14, miami_dade_14, orange_14, hill_19, miami_dade_19, orange_19"
497,B25087_002E,"hill_14, miami_dade_14, orange_14, hill_19, miami_dade_19, orange_19"
498,B25087_003E,"hill_14, miami_dade_14, orange_14, hill_19, miami_dade_19, orange_19"
499,B25087_004E,"hill_14, miami_dade_14, orange_14, hill_19, miami_dade_19, orange_19"
500,B25087_005E,"hill_14, miami_dade_14, orange_14, hill_19, miami_dade_19, orange_19"
501,B25087_006E,"hill_14, miami_dade_14, orange_14, hill_19, miami_dade_19, orange_19"
502,B25087_007E,"hill_14, miami_dade_14, orange_14, hill_19, miami_dade_19, orange_19"
503,B25087_008E,"hill_14, miami_dade_14, orange_14, hill_19, miami_dade_19, orange_19"
504,B25087_009E,"hill_14, miami_dade_14, orange_14, hill_19, miami_dade_19, orange_19"
505,B25087_010E,"hill_14, miami_dade_14, orange_14, hill_19, miami_dade_19, orange_19"
506,B25087_011E,"hill_14, miami_dade_14, orange_14, hill_19, miami_dade_19, orange_19"
507,B25087_012E,"hill_14, miami_dade_14, orange_14, hill_19, miami_dade_19, orange_19"
508,B25087_013E,"hill_14, miami_dade_14, orange_14, hill_19, miami_dade_19, orange_19"
509,B25087_014E,"hill_14, miami_dade_14, orange_14, hill_19, miami_dade_19, orange_19"
510,B25087_015E,"hill_14, miami_dade_14, orange_14, hill_19, miami_dade_19, orange_19"
511,B25087_016E,"hill_14, miami_dade_14, orange_14, hill_19, miami_dade_19, orange_19"
512,B25087_017E,"hill_14, miami_dade_14, orange_14, hill_19, miami_dade_19, orange_19"
513,B25087_018E,"hill_14, miami_dade_14, orange_14, hill_19, miami_dade_19, orange_19"
514,B25087_019E,"hill_14, miami_dade_14, orange_14, hill_19, miami_dade_19, orange_19"
515,B25087_020E,"hill_14, miami_dade_14, orange_14, hill_19, miami_dade_19, orange_19"
516,B25087_021E,"hill_14, miami_dade_14, orange_14, hill_19, miami_dade_19, orange_19"
517,B25087_022E,"hill_14, miami_dade_14, orange_14, hill_19, miami_dade_19, orange_19"
518,B25087_023E,"hill_14, miami_dade_14, orange_14, hill_19, miami_dade_19, orange_19"
519,B25087_024E,"hill_14, miami_dade_14, orange_14, hill_19, miami_dade_19, orange_19"
520,B25087_025E,"hill_14, miami_dade_14, orange_14, hill_19, miami_dade_19, orange_19"
521,B25087_026E,"hill_14, miami_dade_14, orange_14, hill_19, miami_dade_19, orange_19"
522,B25087_027E,"hill_14, miami_dade_14, orange_14, hill_19, miami_dade_19, orange_19"
523,B25087_028E,"hill_14, miami_dade_14, orange_14, hill_19, miami_dade_19, orange_19"
524,B25087_029E,"hill_14, miami_dade_14, orange_14, hill_19, miami_dade_19, orange_19"
525,B25088_001E,"hill_14, miami_dade_14, orange_14, hill_19, miami_dade_19, orange_19"
526,B25088_002E,"hill_14, miami_dade_14, orange_14, hill_19, miami_dade_19, orange_19"
527,B25088_003E,"hill_14, miami_dade_14, orange_14, hill_19, miami_dade_19, orange_19"
528,B25092_001E,"hill_14, miami_dade_14, orange_14, hill_19, miami_dade_19, orange_19"
529,B25092_002E,"hill_14, miami_dade_14, orange_14, hill_19, miami_dade_19, orange_19"
530,B25092_003E,"hill_14, miami_dade_14, orange_14, hill_19, miami_dade_19, orange_19"
531,GEOID,"hill_14, miami_dade_14, orange_14, hill_19, miami_dade_19, orange_19"
532,S1701_C01_047E,"hill_19, miami_dade_19, orange_19"
533,S1701_C01_048E,"hill_19, miami_dade_19, orange_19"
534,S1701_C01_049E,"hill_19, miami_dade_19, orange_19"
535,S1701_C01_050E,"hill_19, miami_dade_19, orange_19"
536,S1701_C01_051E,"hill_19, miami_dade_19, orange_19"
537,S1701_C01_052E,"hill_19, miami_dade_19, orange_19"
538,S1701_C01_053E,"hill_19, miami_dade_19, orange_19"
539,S1701_C01_054E,"hill_19, miami_dade_19, orange_19"
540,S1701_C01_055E,"hill_19, miami_dade_19, orange_19"
541,S1701_C01_056E,"hill_19, miami_dade_19, orange_19"
542,S1701_C01_057E,"hill_19, miami_dade_19, orange_19"
543,S1701_C01_058E,"hill_19, miami_dade_19, orange_19"
544,S1701_C01_059E,"hill_19, miami_dade_19, orange_19"
545,S1701_C01_060E,"hill_19, miami_dade_19, orange_19"
546,S1701_C01_061E,"hill_19, miami_dade_19, orange_19"
547,S2504_C01_038E,"hill_19, miami_dade_19, orange_19"
548,S2504_C02_038E,"hill_19, miami_dade_19, orange_19"
549,S2504_C03_038E,"hill_19, miami_dade_19, orange_19"
550,B25056_025E,"hill_19, miami_dade_19, orange_19"
551,B25056_026E,"hill_19, miami_dade_19, orange_19"
552,B25056_027E,"hill_19, miami_dade_19, orange_19"
553,B25061_023E,"hill_19, miami_dade_19, orange_19"
554,B25061_024E,"hill_19, miami_dade_19, orange_19"
555,B25061_025E,"hill_19, miami_dade_19, orange_19"
556,B25063_025E,"hill_19, miami_dade_19, orange_19"
557,B25063_026E,"hill_19, miami_dade_19, orange_19"
558,B25063_027E,"hill_19, miami_dade_19, orange_19"
559,B25075_026E,"hill_19, miami_dade_19, orange_19"
560,B25075_027E,"hill_19, miami_dade_19, orange_19"
561,B25087_030E,"hill_19, miami_dade_19, orange_19"
562,B25087_031E,"hill_19, miami_dade_19, orange_19"
563,B25087_032E,"hill_19, miami_dade_19, orange_19"
564,B25087_033E,"hill_19, miami_dade_19, orange_19"
565,B25087_034E,"hill_19, miami_dade_19, orange_19"
566,B25087_035E,"hill_19, miami_dade_19, orange_19"
567,B25087_036E,"hill_19, miami_dade_19, orange_19"
568,B25087_037E,"hill_19, miami_dade_19, orange_19"
569,B25087_038E,"hill_19, miami_dade_19, orange_19"
570,B25087_039E,"hill_19, miami_dade_19, orange_19"
